{
    "maintance": "off",
    "id_dono": 6212799141,
    "user_bot": "RoohSmsBot",
    "api-bot": "6814548583:AAE5JMeE5ml1bNb4l052eNDHNN3Qky6M_aQ",
    "token_mp": "APP_USR-8248237650439903-092014-9510e099edcc3eb9492cd156b45ba36d-793742286",
    "vencimento_bot": "01/07/2025",
    "link_suporte": "https://t.me/roohmods",
    "status_pix_manu": "on",
    "status_pix_auto": "off",
    "status-pix-gn": true,
    "status-pix-mp": false,
    "bonus_registro": 0.0,
    "bonus_pix": 0,
    "bonus_pix_min": 0,
    "min_pix": 10.0,
    "max_pix": 300.0,
    "expiracao_pix": 20,
    "afiliados": "off",
    "pontos_by_indicate_buy": 500,
    "min_points_saldo": 500,
    "multiplicador_pontos": 0.1,
    "porcentagem-lucro": 200,
    "api-sms": "dbfe8366b15408fb070e959e0b551A75",
    "foto-menu": "https://telegra.ph/file/e2d33d164d02e0ce8367a.jpg"
}