{
    "nota": [
        {
            "id": "1",
            "texto": "Tamb\u00e9m fazemos promo\u00e7\u00f5es, alguns servi\u00e7os podem ficar mais baratos, entre em nosso canal e saiba mais @userdobot"
        },
        {
            "id": "2",
            "texto": "Sem n\u00fameros? Use o comando /alertas e seja notificado quando novos n\u00fameros forem adicionados."
        },
        {
            "id": "3",
            "texto": "Gostou do bot? Indique aos seus amigos com /afiliados e ganhe b\u00f4nus com a recarga deles :)"
        },
        {
            "id": "4",
            "texto": "\ud83d\udca1 Fazemos cache da quantidade de n\u00fameros, ela pode estar desatualizada!"
        },
        {
            "id": "5",
            "texto": "Os valores variam de acordo com o pa\u00eds, use /paises"
        }
    ]
}